Dr_ID,Dr_name,Qualification,DOJ,Specialisation
D001,John Smith,MD,2010-07-15,Cardiology
D002,Emily Garcia,MD,2015-09-22,Neurology
D003,Michael Johnson,MD,2018-05-10,Orthopedics
D004,Olivia Davis,MD,2013-11-01,Dermatology
D005,William Wilson,MD,2020-01-15,Cardiology
D006,Avery Brown,MD,2011-08-20,Neurology
D007,Evelyn Hernandez,MD,2016-10-12,Orthopedics
D008,Andrew Kim,MD,2019-04-05,Cardiology
D009,Sophia Martinez,MD,2014-12-03,Neurology
D010,James Lee,MD,2012-02-25,Orthopedics
D011,Abigail Davis,MD,2017-06-30,Dermatology
D012,David Garcia,MD,2021-03-19,Cardiology
D013,Isabella Smith,MD,2011-11-17,Neurology
D014,Joseph Hernandez,MD,2016-02-10,Orthopedics
D015,Madison Wilson,MD,2019-09-08,Dermatology
D016,Christopher Brown,MD,2013-05-01,Cardiology
D017,Grace Martinez,MD,2020-07-12,Neurology
D018,William Lee,MD,2015-10-05,Orthopedics
D019,Avery Davis,MD,2012-04-30,Dermatology
D020,Victoria Garcia,MD,2017-08-25,Cardiology
D021,Mason Hernandez,MD,2021-02-14,Neurology
D022,Isabella Johnson,MD,2012-10-30,Orthopedics
D023,Aiden Smith,MD,2018-01-22,Dermatology
D024,Mia Brown,MD,2013-07-15,Cardiology
D025,Liam Martinez,MD,2016-09-22,Neurology
D026,Jessica Rodriguez,MD,2012-11-05,Orthopedics
D027,Nathan Nguyen,MD,2015-01-19,Cardiology
D028,Ashley Kim,MD,2020-04-22,Neurology
D029,Brandon Davis,MD,2014-10-18,Orthopedics
D030,Chloe Wilson,MD,2017-12-25,Dermatology
D031,Matthew Brown,MD,2021-08-11,Cardiology
D032,Ava Martinez,MD,2011-09-01,Neurology
D033,Jonathan Hernandez,MD,2016-11-29,Orthopedics
D034,Elizabeth Lee,MD,2019-05-06,Dermatology
D035,David Rodriguez,MD,2013-12-30,Cardiology
D036,Grace Nguyen,MD,2020-02-16,Neurology
D037,Daniel Kim,MD,2015-06-18,Orthopedics
D038,Hailey Davis,MD,2018-03-02,Dermatology
D039,Samuel Garcia,MD,2012-12-25,Cardiology
D040,Abigail Johnson,MD,2017-06-19,Cardiology
D041,Logan Smith,MD,2020-09-04,Neurology
D042,Sofia Hernandez,MD,2013-12-08,Orthopedics
D043,Noah Davis,MD,2016-04-30,Dermatology
D044,Emma Wilson,MD,2019-01-20,Cardiology
D045,Aiden Brown,MD,2014-07-14,Neurology
D046,Victoria Martinez,MD,2017-09-22,Orthopedics
D047,David Lee,MD,2012-03-15,Dermatology
D048,Isabella Davis,MD,2017-07-10,Cardiology
D049,Aiden Garcia,MD,2011-08-29,Neurology
D050,Madison Hernandez,MD,2016-10-27,Orthopedics
D051,William Johnson,MD,2019-06-15,Dermatology
D052,Chloe Smith,MD,2013-11-08,Cardiology
D053,James Hernandez,MD,2020-02-02,Neurology
D054,Lily Davis,MD,2014-09-26,Orthopedics
D055,Benjamin Wilson,MD,2017-11-30,Dermatology
D056,Sophia Brown,MD,2012-12-25,Cardiology
D057,Liam Garcia,MD,2017-02-19,Neurology
D058,Isabella Martinez,MD,2020-03-07,Orthopedics
D059,Oliver Lee,MD,2013-06-10,Dermatology
D060,Charlotte Davis,MD,2018-08-03,Cardiology
D061,Ethan Hernandez,MD,2011-09-27,Neurology
D062,Grace Johnson,MD,2016-12-22,Orthopedics
D063,Michael Smith,MD,2019-08-10,Dermatology
D064,Avery Wilson,MD,2014-02-02,Cardiology
D065,Emily Brown,MD,2012-07-09,Cardiology
D066,Nathan Garcia,MD,2017-03-16,Neurology
D067,Abigail Hernandez,MD,2020-08-01,Orthopedics
D068,Logan Johnson,MD,2013-09-23,Dermatology
D069,Emma Smith,MD,2016-11-17,Cardiology
D070,William Wilson,MD,2019-07-08,Neurology
D071,Samantha Davis,MD,2014-01-12,Orthopedics
D072,Mason Martinez,MD,2017-05-29,Dermatology
D073,Aria Lee,MD,2012-08-22,Cardiology
D074,Daniel Hernandez,MD,2017-01-05,Neurology
D075,Evelyn Johnson,MD,2020-04-20,Orthopedics